MICHAEL,08701,SMITH
JOHN,77494,JOHNSON
DAVID,77449,WILLIAMS
ROBERT,11368,BROWN
JAMES,60629,JONES
WILLIAM,78660,GARCIA
RICHARD,77084,MILLER
THOMAS,77433,DAVIS
MARK,11220,RODRIGUEZ
MARY,11373,MARTINEZ
JOSEPH,79936,HERNANDEZ
DANIEL,10467,LOPEZ
CHRISTOPHER,11219,GONZALEZ
SUSAN,90650,WILSON
JENNIFER,90011,ANDERSON
STEVEN,11208,THOMAS
JEFFREY,11226,TAYLOR
BRIAN,11385,MOORE
PAUL,91331,JACKSON
PATRICIA,11236,MARTIN
CHARLES,92336,LEE
LINDA,94565,PEREZ
MATTHEW,11207,THOMPSON
KAREN,90250,WHITE
SCOTT,00926,HARRIS
KEVIN,92335,SANCHEZ
LISA,11214,CLARK
TIMOTHY,91342,RAMIREZ
STEPHEN,37013,LEWIS
BARBARA,79938,ROBINSON
SUEANN,96792,WILLIAMS
VIVIEN,96744,JOHNSON
LEORA,96789,SMITH
GERALYN,96720,JONES
KEIKO,96706,BROWN
MOHAMMED,85941,BEGAY
BINA,87420,YAZZIE
CHEYENNE,86045,LOCKLEAR
JASWINDER,86503,BENALLY
KULWINDER,86033,TSOSIE
YOUNG,11355,NGUYEN
HUNG,96797,KIM
WEI,95035,PATEL
HONG,94539,TRAN
THANH,95014,CHEN
WILLIE,30349,WILLIAMS
REGINALD,11236,JOHNSON
GWENDOLYN,60620,JONES
TYRONE,60619,JACKSON
LATOYA,60628,BROWN
JOSE,00926,GARCIA
MARIA,90201,RODRIGUEZ
JUAN,90280,HERNANDEZ
LUIS,90011,MARTINEZ
CARLOS,78521,GONZALEZ
MICHAEL,08701,SMITH
JOHN,63376,MILLER
ROBERT,84043,JOHNSON
DAVID,44256,BROWN
JAMES,43130,ANDERSON
